--
-- JBoss, Home of Professional Open Source
-- Copyright 2013, Red Hat, Inc. and/or its affiliates, and individual
-- contributors by the @authors tag. See the copyright.txt in the
-- distribution for a full listing of individual contributors.
--
-- Licensed under the Apache License, Version 2.0 (the 'License');
-- you may not use this file except in compliance with the License.
-- You may obtain a copy of the License at
-- http://www.apache.org/licenses/LICENSE-2.0
-- Unless required by applicable law or agreed to in writing, software
-- distributed under the License is distributed on an 'AS IS' BASIS,
-- WITHOUT WARRANTIES OR CONDITIONS OF ANY KIND, either express or implied.
-- See the License for the specific language governing permissions and
-- limitations under the License.
--

-- You can use this file to load seed data into the database using SQL statements
--------------------------------------------------------------------------------
  
INSERT INTO ETAPA(ID,DENOMINACION,ORDEN) VALUES ('622a09ba-8813-11e5-af63-feff819cdc9f','CLASIFICACION', 1);
INSERT INTO ETAPA(ID,DENOMINACION,ORDEN) VALUES ('622a0c44-8813-11e5-af63-feff819cdc9f','SOLICITUD DE CERTIFICACION AMBIENTAL', 2);
INSERT INTO ETAPA(ID,DENOMINACION,ORDEN) VALUES ('622a0d52-8813-11e5-af63-feff819cdc9f','RESOLUCION EJECUTIVA', 3);

--------------------------------------------------------------------------------

INSERT INTO PROCEDIMIENTO(ID,ETAPA_ID,ESTADO,ORDEN,DENOMINACION,RESPONSABLE,PLAZO,REQUIERE_CATEGORIA,REQUIERE_RESOLUCION) VALUES ('39b3d572-8950-11e5-af63-feff819cdc9f','622a09ba-8813-11e5-af63-feff819cdc9f','PROCESO',1,'En proceso de registro','INSTITUCION',7,'F','F');
INSERT INTO PROCEDIMIENTO(ID,ETAPA_ID,ESTADO,ORDEN,DENOMINACION,RESPONSABLE,PLAZO,REQUIERE_CATEGORIA,REQUIERE_RESOLUCION) VALUES ('39b3d8ce-8950-11e5-af63-feff819cdc9f','622a09ba-8813-11e5-af63-feff819cdc9f','PROCESO',2,'En clasificacion','INSTITUCION',7,'F','F');
INSERT INTO PROCEDIMIENTO(ID,ETAPA_ID,ESTADO,ORDEN,DENOMINACION,RESPONSABLE,PLAZO,REQUIERE_CATEGORIA,REQUIERE_RESOLUCION) VALUES ('39b3dbe4-8950-11e5-af63-feff819cdc9f','622a09ba-8813-11e5-af63-feff819cdc9f','PROCESO',3,'Solicitud de TDR','SOLICITANTE',7,'T','F');
INSERT INTO PROCEDIMIENTO(ID,ETAPA_ID,ESTADO,ORDEN,DENOMINACION,RESPONSABLE,PLAZO,REQUIERE_CATEGORIA,REQUIERE_RESOLUCION) VALUES ('39b3dd88-8950-11e5-af63-feff819cdc9f','622a09ba-8813-11e5-af63-feff819cdc9f','PROCESO',4,'TDR en revision','INSTITUCION',7,'F','F');
INSERT INTO PROCEDIMIENTO(ID,ETAPA_ID,ESTADO,ORDEN,DENOMINACION,RESPONSABLE,PLAZO,REQUIERE_CATEGORIA,REQUIERE_RESOLUCION) VALUES ('39b3e030-8950-11e5-af63-feff819cdc9f','622a09ba-8813-11e5-af63-feff819cdc9f','PROCESO',5,'Emision de resolucion y aprobacion de TDR','INSTITUCION',7,'F','T');

INSERT INTO PROCEDIMIENTO(ID,ETAPA_ID,ESTADO,ORDEN,DENOMINACION,RESPONSABLE,PLAZO,REQUIERE_CATEGORIA,REQUIERE_RESOLUCION) VALUES ('39b3e116-8950-11e5-af63-feff819cdc9f','622a0c44-8813-11e5-af63-feff819cdc9f','PROCESO',1,'Solicitud de certificacion en proceso de clasificacion','INSTITUCION',7,'F','F');
INSERT INTO PROCEDIMIENTO(ID,ETAPA_ID,ESTADO,ORDEN,DENOMINACION,RESPONSABLE,PLAZO,REQUIERE_CATEGORIA,REQUIERE_RESOLUCION) VALUES ('39b3e2ce-8950-11e5-af63-feff819cdc9f','622a0c44-8813-11e5-af63-feff819cdc9f','PROCESO',2,'Solicitud de opinion tecnica','SOLICITANTE',7,'F','F');
INSERT INTO PROCEDIMIENTO(ID,ETAPA_ID,ESTADO,ORDEN,DENOMINACION,RESPONSABLE,PLAZO,REQUIERE_CATEGORIA,REQUIERE_RESOLUCION) VALUES ('39b3e4c2-8950-11e5-af63-feff819cdc9f','622a0c44-8813-11e5-af63-feff819cdc9f','PROCESO',2,'Opinion tecnica en proceso de revision','INSTITUCION',7,'F','F');

INSERT INTO PROCEDIMIENTO(ID,ETAPA_ID,ESTADO,ORDEN,DENOMINACION,RESPONSABLE,PLAZO,REQUIERE_CATEGORIA,REQUIERE_RESOLUCION) VALUES ('39b3e594-8950-11e5-af63-feff819cdc9f','622a0d52-8813-11e5-af63-feff819cdc9f','APROBADO',1,'Emision de resolucion y aprobacion de Certificacion','INSTITUCION',7,'F','T');
INSERT INTO PROCEDIMIENTO(ID,ETAPA_ID,ESTADO,ORDEN,DENOMINACION,RESPONSABLE,PLAZO,REQUIERE_CATEGORIA,REQUIERE_RESOLUCION) VALUES ('39b3e77e-8950-11e5-af63-feff819cdc9f','622a0d52-8813-11e5-af63-feff819cdc9f','ABANDONO',2,'Emision de resolucion y aprobacion de Certificacion','INSTITUCION',7,'F','T');
INSERT INTO PROCEDIMIENTO(ID,ETAPA_ID,ESTADO,ORDEN,DENOMINACION,RESPONSABLE,PLAZO,REQUIERE_CATEGORIA,REQUIERE_RESOLUCION) VALUES ('39b3e85a-8950-11e5-af63-feff819cdc9f','622a0d52-8813-11e5-af63-feff819cdc9f','DESAPROBADO',3,'Emision de resolucion y aprobacion de Certificacion','INSTITUCION',7,'F','T');

--------------------------------------------------------------------------------

INSERT INTO SUGERENCIA(ID,PROCEDIMIENTO_ID,PROCEDIMIENTO_SUGERENCIA_ID,PRIORIDAD) VALUES ('2c5108cc-8956-11e5-af63-feff819cdc9f','39b3d572-8950-11e5-af63-feff819cdc9f','39b3d8ce-8950-11e5-af63-feff819cdc9f', 1);
INSERT INTO SUGERENCIA(ID,PROCEDIMIENTO_ID,PROCEDIMIENTO_SUGERENCIA_ID,PRIORIDAD) VALUES ('2c510d4a-8956-11e5-af63-feff819cdc9f','39b3d8ce-8950-11e5-af63-feff819cdc9f','39b3dbe4-8950-11e5-af63-feff819cdc9f', 1);
INSERT INTO SUGERENCIA(ID,PROCEDIMIENTO_ID,PROCEDIMIENTO_SUGERENCIA_ID,PRIORIDAD) VALUES ('2c510ebc-8956-11e5-af63-feff819cdc9f','39b3dbe4-8950-11e5-af63-feff819cdc9f','39b3dd88-8950-11e5-af63-feff819cdc9f', 1);
INSERT INTO SUGERENCIA(ID,PROCEDIMIENTO_ID,PROCEDIMIENTO_SUGERENCIA_ID,PRIORIDAD) VALUES ('2c510ff2-8956-11e5-af63-feff819cdc9f','39b3dd88-8950-11e5-af63-feff819cdc9f','39b3e030-8950-11e5-af63-feff819cdc9f', 1);
INSERT INTO SUGERENCIA(ID,PROCEDIMIENTO_ID,PROCEDIMIENTO_SUGERENCIA_ID,PRIORIDAD) VALUES ('2c511114-8956-11e5-af63-feff819cdc9f','39b3e030-8950-11e5-af63-feff819cdc9f','39b3e116-8950-11e5-af63-feff819cdc9f', 1);
INSERT INTO SUGERENCIA(ID,PROCEDIMIENTO_ID,PROCEDIMIENTO_SUGERENCIA_ID,PRIORIDAD) VALUES ('2c51122c-8956-11e5-af63-feff819cdc9f','39b3e116-8950-11e5-af63-feff819cdc9f','39b3e2ce-8950-11e5-af63-feff819cdc9f', 1);
INSERT INTO SUGERENCIA(ID,PROCEDIMIENTO_ID,PROCEDIMIENTO_SUGERENCIA_ID,PRIORIDAD) VALUES ('2c511588-8956-11e5-af63-feff819cdc9f','39b3e2ce-8950-11e5-af63-feff819cdc9f','39b3e4c2-8950-11e5-af63-feff819cdc9f', 1);

INSERT INTO SUGERENCIA(ID,PROCEDIMIENTO_ID,PROCEDIMIENTO_SUGERENCIA_ID,PRIORIDAD) VALUES ('2c5116b4-8956-11e5-af63-feff819cdc9f','39b3e4c2-8950-11e5-af63-feff819cdc9f','39b3e594-8950-11e5-af63-feff819cdc9f', 1);
INSERT INTO SUGERENCIA(ID,PROCEDIMIENTO_ID,PROCEDIMIENTO_SUGERENCIA_ID,PRIORIDAD) VALUES ('2c5117c2-8956-11e5-af63-feff819cdc9f','39b3e4c2-8950-11e5-af63-feff819cdc9f','39b3e77e-8950-11e5-af63-feff819cdc9f', 2);
INSERT INTO SUGERENCIA(ID,PROCEDIMIENTO_ID,PROCEDIMIENTO_SUGERENCIA_ID,PRIORIDAD) VALUES ('2c5118da-8956-11e5-af63-feff819cdc9f','39b3e4c2-8950-11e5-af63-feff819cdc9f','39b3e85a-8950-11e5-af63-feff819cdc9f', 3);

--------------------------------------------------------------------------------

INSERT INTO DIRECCION_REGIONAL (ID,DENOMINACION,ESTADO,optlk) VALUES ('3b3f49d0-efd2-4954-a22d-7f0b5eacc0ea','Direccion regional de turismo','T','1/01/2015');
INSERT INTO DIRECCION_REGIONAL (ID,DENOMINACION,ESTADO,optlk) VALUES ('1c6daaf8-899a-4708-a6cf-87191ed14b8a','Direccion regional de transporte','T','1/01/2015');
INSERT INTO DIRECCION_REGIONAL (ID,DENOMINACION,ESTADO,optlk) VALUES ('2a13b5ce-f4fa-4531-8a4f-e603aabd4018','Direccion regional de infraestructura','T','1/01/2015');

--------------------------------------------------------------------------------

INSERT INTO PROYECTO (ID,DENOMINACION,MONTO,TIPO,DIRECCION_REGIONAL_ID,ESTADO,optlk) VALUES ('c4ea6d20-8943-11e5-af63-feff819cdc9f','Construccion de pisigranja',10000,'PERFIL','3b3f49d0-efd2-4954-a22d-7f0b5eacc0ea','PROCESO','1/01/2015');
INSERT INTO PROYECTO (ID,DENOMINACION,MONTO,TIPO,DIRECCION_REGIONAL_ID,ESTADO,optlk) VALUES ('c4ea6df2-8943-11e5-af63-feff819cdc9f','Construccion de vivero de flores de alta tecnica',100000,'FACTIBILIDAD','2a13b5ce-f4fa-4531-8a4f-e603aabd4018','PROCESO','1/01/2015');
INSERT INTO PROYECTO (ID,DENOMINACION,MONTO,TIPO,DIRECCION_REGIONAL_ID,ESTADO,optlk) VALUES ('81068e9a-8943-11e5-af63-feff819cdc9f','Construccion de chanchas de fulbol',265456,'PERFIL','2a13b5ce-f4fa-4531-8a4f-e603aabd4018','PROCESO','1/01/2015');
INSERT INTO PROYECTO (ID,DENOMINACION,MONTO,TIPO,DIRECCION_REGIONAL_ID,ESTADO,optlk) VALUES ('8106923c-8943-11e5-af63-feff819cdc9f','Construccion de carretera ayacucho huanta',5645645,'FACTIBILIDAD','2a13b5ce-f4fa-4531-8a4f-e603aabd4018','PROCESO','1/01/2015');
INSERT INTO PROYECTO (ID,DENOMINACION,MONTO,TIPO,DIRECCION_REGIONAL_ID,ESTADO,optlk) VALUES ('81069958-8943-11e5-af63-feff819cdc9f','Construccion de muralla de contencion muyurina',43123,'PERFIL','2a13b5ce-f4fa-4531-8a4f-e603aabd4018','PROCESO','1/01/2015');
INSERT INTO PROYECTO (ID,DENOMINACION,MONTO,TIPO,DIRECCION_REGIONAL_ID,ESTADO,optlk) VALUES ('81069b2e-8943-11e5-af63-feff819cdc9f','Construccion de colegio inicial ayacucho',546456,'FACTIBILIDAD','2a13b5ce-f4fa-4531-8a4f-e603aabd4018','PROCESO','1/01/2015');
INSERT INTO PROYECTO (ID,DENOMINACION,MONTO,TIPO,DIRECCION_REGIONAL_ID,ESTADO,optlk) VALUES ('81069ce6-8943-11e5-af63-feff819cdc9f','Construccion de centro de telecomunicaciones ayacucho',12312,'PERFIL','2a13b5ce-f4fa-4531-8a4f-e603aabd4018','PROCESO','1/01/2015');
INSERT INTO PROYECTO (ID,DENOMINACION,MONTO,TIPO,DIRECCION_REGIONAL_ID,ESTADO,optlk) VALUES ('81069e94-8943-11e5-af63-feff819cdc9f','Construccion de reservorio huanta',1231,'FACTIBILIDAD','2a13b5ce-f4fa-4531-8a4f-e603aabd4018','PROCESO','1/01/2015');
INSERT INTO PROYECTO (ID,DENOMINACION,MONTO,TIPO,DIRECCION_REGIONAL_ID,ESTADO,optlk) VALUES ('81069e95-8943-11e5-af63-feff819cdc9f','Construccion de hospital regional',12356,'PERFIL','1c6daaf8-899a-4708-a6cf-87191ed14b8a','PROCESO','1/01/2015');
INSERT INTO PROYECTO (ID,DENOMINACION,MONTO,TIPO,DIRECCION_REGIONAL_ID,ESTADO,optlk) VALUES ('8106a02e-8943-11e5-af63-feff819cdc9f','Construccion de infraestructura de desagues',12312,'FACTIBILIDAD','1c6daaf8-899a-4708-a6cf-87191ed14b8a','PROCESO','1/01/2015');
INSERT INTO PROYECTO (ID,DENOMINACION,MONTO,TIPO,DIRECCION_REGIONAL_ID,ESTADO,optlk) VALUES ('8106a1d2-8943-11e5-af63-feff819cdc9f','Asfaltado de carretea',12312,'PERFIL','1c6daaf8-899a-4708-a6cf-87191ed14b8a','PROCESO','1/01/2015');
INSERT INTO PROYECTO (ID,DENOMINACION,MONTO,TIPO,DIRECCION_REGIONAL_ID,ESTADO,optlk) VALUES ('8106a844-8943-11e5-af63-feff819cdc9f','Ampliacion de las calles huamanga',4564678,'FACTIBILIDAD','2a13b5ce-f4fa-4531-8a4f-e603aabd4018','PROCESO','1/01/2015');
INSERT INTO PROYECTO (ID,DENOMINACION,MONTO,TIPO,DIRECCION_REGIONAL_ID,ESTADO,optlk) VALUES ('8106aa38-8943-11e5-af63-feff819cdc9f','Instalacion de postes de alumbrado publico',455864,'PERFIL','2a13b5ce-f4fa-4531-8a4f-e603aabd4018','PROCESO','1/01/2015');
INSERT INTO PROYECTO (ID,DENOMINACION,MONTO,TIPO,DIRECCION_REGIONAL_ID,ESTADO,optlk) VALUES ('8106ac18-8943-11e5-af63-feff819cdc9f','Mantenimiento del centro historico de huamanga',1256543,'FACTIBILIDAD','3b3f49d0-efd2-4954-a22d-7f0b5eacc0ea','PROCESO','1/01/2015');
INSERT INTO PROYECTO (ID,DENOMINACION,MONTO,TIPO,DIRECCION_REGIONAL_ID,ESTADO,optlk) VALUES ('8106add0-8943-11e5-af63-feff819cdc9f','Contruccion de centro de seguridad ayacucho',12312213,'PERFIL','3b3f49d0-efd2-4954-a22d-7f0b5eacc0ea','PROCESO','1/01/2015');

--------------------------------------------------------------------------------

INSERT INTO HISTORIAL_PROYECTO (ID,PROYECTO_ID,PROCEDIMIENTO_ID,CATEGORIA,ESTADO,RESOLUCION,OBSERVACION,FECHA,optlk) VALUES('d004940e-8954-11e5-af63-feff819cdc9f','c4ea6d20-8943-11e5-af63-feff819cdc9f','39b3d572-8950-11e5-af63-feff819cdc9f',null,'T',null,'Estado generado por el sistema','1/01/2015','1/01/2015');
INSERT INTO HISTORIAL_PROYECTO (ID,PROYECTO_ID,PROCEDIMIENTO_ID,CATEGORIA,ESTADO,RESOLUCION,OBSERVACION,FECHA,optlk) VALUES('d0049954-8954-11e5-af63-feff819cdc9f','c4ea6df2-8943-11e5-af63-feff819cdc9f','39b3d572-8950-11e5-af63-feff819cdc9f',null,'T',null,'Estado generado por el sistema','1/01/2015','1/01/2015');
INSERT INTO HISTORIAL_PROYECTO (ID,PROYECTO_ID,PROCEDIMIENTO_ID,CATEGORIA,ESTADO,RESOLUCION,OBSERVACION,FECHA,optlk) VALUES('d0049b0c-8954-11e5-af63-feff819cdc9f','81068e9a-8943-11e5-af63-feff819cdc9f','39b3d572-8950-11e5-af63-feff819cdc9f',null,'T',null,'Estado generado por el sistema','1/01/2015','1/01/2015');
INSERT INTO HISTORIAL_PROYECTO (ID,PROYECTO_ID,PROCEDIMIENTO_ID,CATEGORIA,ESTADO,RESOLUCION,OBSERVACION,FECHA,optlk) VALUES('d0049c7e-8954-11e5-af63-feff819cdc9f','8106923c-8943-11e5-af63-feff819cdc9f','39b3d572-8950-11e5-af63-feff819cdc9f',null,'T',null,'Estado generado por el sistema','1/01/2015','1/01/2015');
INSERT INTO HISTORIAL_PROYECTO (ID,PROYECTO_ID,PROCEDIMIENTO_ID,CATEGORIA,ESTADO,RESOLUCION,OBSERVACION,FECHA,optlk) VALUES('d0049db4-8954-11e5-af63-feff819cdc9f','81069958-8943-11e5-af63-feff819cdc9f','39b3d572-8950-11e5-af63-feff819cdc9f',null,'T',null,'Estado generado por el sistema','1/01/2015','1/01/2015');
INSERT INTO HISTORIAL_PROYECTO (ID,PROYECTO_ID,PROCEDIMIENTO_ID,CATEGORIA,ESTADO,RESOLUCION,OBSERVACION,FECHA,optlk) VALUES('d004a14c-8954-11e5-af63-feff819cdc9f','81069b2e-8943-11e5-af63-feff819cdc9f','39b3d572-8950-11e5-af63-feff819cdc9f',null,'T',null,'Estado generado por el sistema','1/01/2015','1/01/2015');
INSERT INTO HISTORIAL_PROYECTO (ID,PROYECTO_ID,PROCEDIMIENTO_ID,CATEGORIA,ESTADO,RESOLUCION,OBSERVACION,FECHA,optlk) VALUES('d004a2aa-8954-11e5-af63-feff819cdc9f','81069ce6-8943-11e5-af63-feff819cdc9f','39b3d572-8950-11e5-af63-feff819cdc9f',null,'T',null,'Estado generado por el sistema','1/01/2015','1/01/2015');
INSERT INTO HISTORIAL_PROYECTO (ID,PROYECTO_ID,PROCEDIMIENTO_ID,CATEGORIA,ESTADO,RESOLUCION,OBSERVACION,FECHA,optlk) VALUES('d004a412-8954-11e5-af63-feff819cdc9f','81069e94-8943-11e5-af63-feff819cdc9f','39b3d572-8950-11e5-af63-feff819cdc9f',null,'T',null,'Estado generado por el sistema','1/01/2015','1/01/2015');
INSERT INTO HISTORIAL_PROYECTO (ID,PROYECTO_ID,PROCEDIMIENTO_ID,CATEGORIA,ESTADO,RESOLUCION,OBSERVACION,FECHA,optlk) VALUES('d004a872-8954-11e5-af63-feff819cdc9f','81069e95-8943-11e5-af63-feff819cdc9f','39b3d572-8950-11e5-af63-feff819cdc9f',null,'T',null,'Estado generado por el sistema','1/01/2015','1/01/2015');
INSERT INTO HISTORIAL_PROYECTO (ID,PROYECTO_ID,PROCEDIMIENTO_ID,CATEGORIA,ESTADO,RESOLUCION,OBSERVACION,FECHA,optlk) VALUES('d004aa02-8954-11e5-af63-feff819cdc9f','8106a02e-8943-11e5-af63-feff819cdc9f','39b3d572-8950-11e5-af63-feff819cdc9f',null,'T',null,'Estado generado por el sistema','1/01/2015','1/01/2015');
INSERT INTO HISTORIAL_PROYECTO (ID,PROYECTO_ID,PROCEDIMIENTO_ID,CATEGORIA,ESTADO,RESOLUCION,OBSERVACION,FECHA,optlk) VALUES('d004aae8-8954-11e5-af63-feff819cdc9f','8106a1d2-8943-11e5-af63-feff819cdc9f','39b3d572-8950-11e5-af63-feff819cdc9f',null,'T',null,'Estado generado por el sistema','1/01/2015','1/01/2015');
INSERT INTO HISTORIAL_PROYECTO (ID,PROYECTO_ID,PROCEDIMIENTO_ID,CATEGORIA,ESTADO,RESOLUCION,OBSERVACION,FECHA,optlk) VALUES('d004abc4-8954-11e5-af63-feff819cdc9f','8106a844-8943-11e5-af63-feff819cdc9f','39b3d572-8950-11e5-af63-feff819cdc9f',null,'T',null,'Estado generado por el sistema','1/01/2015','1/01/2015');
INSERT INTO HISTORIAL_PROYECTO (ID,PROYECTO_ID,PROCEDIMIENTO_ID,CATEGORIA,ESTADO,RESOLUCION,OBSERVACION,FECHA,optlk) VALUES('d004aef8-8954-11e5-af63-feff819cdc9f','8106aa38-8943-11e5-af63-feff819cdc9f','39b3d572-8950-11e5-af63-feff819cdc9f',null,'T',null,'Estado generado por el sistema','1/01/2015','1/01/2015');
INSERT INTO HISTORIAL_PROYECTO (ID,PROYECTO_ID,PROCEDIMIENTO_ID,CATEGORIA,ESTADO,RESOLUCION,OBSERVACION,FECHA,optlk) VALUES('d004aff2-8954-11e5-af63-feff819cdc9f','8106ac18-8943-11e5-af63-feff819cdc9f','39b3d572-8950-11e5-af63-feff819cdc9f',null,'T',null,'Estado generado por el sistema','1/01/2015','1/01/2015');
INSERT INTO HISTORIAL_PROYECTO (ID,PROYECTO_ID,PROCEDIMIENTO_ID,CATEGORIA,ESTADO,RESOLUCION,OBSERVACION,FECHA,optlk) VALUES('d004b0ba-8954-11e5-af63-feff819cdc9f','8106add0-8943-11e5-af63-feff819cdc9f','39b3d572-8950-11e5-af63-feff819cdc9f',null,'T',null,'Estado generado por el sistema','1/01/2015','1/01/2015');
